model_id,model_path
BIOMD0000000001,../../doc/papers/foundation/experimental_data/biomodels_dataset/sbml_files/BIOMD0000000001.xml
BIOMD0000000004,../../doc/papers/foundation/experimental_data/biomodels_dataset/sbml_files/BIOMD0000000004.xml
BIOMD0000000005,../../doc/papers/foundation/experimental_data/biomodels_dataset/sbml_files/BIOMD0000000005.xml
BIOMD0000000006,../../doc/papers/foundation/experimental_data/biomodels_dataset/sbml_files/BIOMD0000000006.xml
BIOMD0000000007,../../doc/papers/foundation/experimental_data/biomodels_dataset/sbml_files/BIOMD0000000007.xml
BIOMD0000000008,../../doc/papers/foundation/experimental_data/biomodels_dataset/sbml_files/BIOMD0000000008.xml
BIOMD0000000009,../../doc/papers/foundation/experimental_data/biomodels_dataset/sbml_files/BIOMD0000000009.xml
BIOMD0000000010,../../doc/papers/foundation/experimental_data/biomodels_dataset/sbml_files/BIOMD0000000010.xml
BIOMD0000000011,../../doc/papers/foundation/experimental_data/biomodels_dataset/sbml_files/BIOMD0000000011.xml
BIOMD0000000012,../../doc/papers/foundation/experimental_data/biomodels_dataset/sbml_files/BIOMD0000000012.xml
BIOMD0000000013,../../doc/papers/foundation/experimental_data/biomodels_dataset/sbml_files/BIOMD0000000013.xml
BIOMD0000000014,../../doc/papers/foundation/experimental_data/biomodels_dataset/sbml_files/BIOMD0000000014.xml
BIOMD0000000015,../../doc/papers/foundation/experimental_data/biomodels_dataset/sbml_files/BIOMD0000000015.xml
BIOMD0000000016,../../doc/papers/foundation/experimental_data/biomodels_dataset/sbml_files/BIOMD0000000016.xml
BIOMD0000000017,../../doc/papers/foundation/experimental_data/biomodels_dataset/sbml_files/BIOMD0000000017.xml
BIOMD0000000018,../../doc/papers/foundation/experimental_data/biomodels_dataset/sbml_files/BIOMD0000000018.xml
BIOMD0000000019,../../doc/papers/foundation/experimental_data/biomodels_dataset/sbml_files/BIOMD0000000019.xml
BIOMD0000000020,../../doc/papers/foundation/experimental_data/biomodels_dataset/sbml_files/BIOMD0000000020.xml
BIOMD0000000021,../../doc/papers/foundation/experimental_data/biomodels_dataset/sbml_files/BIOMD0000000021.xml
BIOMD0000000022,../../doc/papers/foundation/experimental_data/biomodels_dataset/sbml_files/BIOMD0000000022.xml
BIOMD0000000023,../../doc/papers/foundation/experimental_data/biomodels_dataset/sbml_files/BIOMD0000000023.xml
BIOMD0000000024,../../doc/papers/foundation/experimental_data/biomodels_dataset/sbml_files/BIOMD0000000024.xml
BIOMD0000000025,../../doc/papers/foundation/experimental_data/biomodels_dataset/sbml_files/BIOMD0000000025.xml
BIOMD0000000026,../../doc/papers/foundation/experimental_data/biomodels_dataset/sbml_files/BIOMD0000000026.xml
BIOMD0000000027,../../doc/papers/foundation/experimental_data/biomodels_dataset/sbml_files/BIOMD0000000027.xml
BIOMD0000000028,../../doc/papers/foundation/experimental_data/biomodels_dataset/sbml_files/BIOMD0000000028.xml
BIOMD0000000029,../../doc/papers/foundation/experimental_data/biomodels_dataset/sbml_files/BIOMD0000000029.xml
BIOMD0000000100,../../doc/papers/foundation/experimental_data/biomodels_dataset/sbml_files/BIOMD0000000100.xml
BIOMD0000000200,../../doc/papers/foundation/experimental_data/biomodels_dataset/sbml_files/BIOMD0000000200.xml
BIOMD0000000201,../../doc/papers/foundation/experimental_data/biomodels_dataset/sbml_files/BIOMD0000000201.xml
BIOMD0000000202,../../doc/papers/foundation/experimental_data/biomodels_dataset/sbml_files/BIOMD0000000202.xml
BIOMD0000000203,../../doc/papers/foundation/experimental_data/biomodels_dataset/sbml_files/BIOMD0000000203.xml
BIOMD0000000204,../../doc/papers/foundation/experimental_data/biomodels_dataset/sbml_files/BIOMD0000000204.xml
BIOMD0000000205,../../doc/papers/foundation/experimental_data/biomodels_dataset/sbml_files/BIOMD0000000205.xml
BIOMD0000000206,../../doc/papers/foundation/experimental_data/biomodels_dataset/sbml_files/BIOMD0000000206.xml
BIOMD0000000207,../../doc/papers/foundation/experimental_data/biomodels_dataset/sbml_files/BIOMD0000000207.xml
BIOMD0000000208,../../doc/papers/foundation/experimental_data/biomodels_dataset/sbml_files/BIOMD0000000208.xml
BIOMD0000000209,../../doc/papers/foundation/experimental_data/biomodels_dataset/sbml_files/BIOMD0000000209.xml
BIOMD0000000210,../../doc/papers/foundation/experimental_data/biomodels_dataset/sbml_files/BIOMD0000000210.xml
BIOMD0000000211,../../doc/papers/foundation/experimental_data/biomodels_dataset/sbml_files/BIOMD0000000211.xml
BIOMD0000000212,../../doc/papers/foundation/experimental_data/biomodels_dataset/sbml_files/BIOMD0000000212.xml
BIOMD0000000213,../../doc/papers/foundation/experimental_data/biomodels_dataset/sbml_files/BIOMD0000000213.xml
BIOMD0000000214,../../doc/papers/foundation/experimental_data/biomodels_dataset/sbml_files/BIOMD0000000214.xml
BIOMD0000000215,../../doc/papers/foundation/experimental_data/biomodels_dataset/sbml_files/BIOMD0000000215.xml
BIOMD0000000216,../../doc/papers/foundation/experimental_data/biomodels_dataset/sbml_files/BIOMD0000000216.xml
BIOMD0000000217,../../doc/papers/foundation/experimental_data/biomodels_dataset/sbml_files/BIOMD0000000217.xml
BIOMD0000000218,../../doc/papers/foundation/experimental_data/biomodels_dataset/sbml_files/BIOMD0000000218.xml
BIOMD0000000219,../../doc/papers/foundation/experimental_data/biomodels_dataset/sbml_files/BIOMD0000000219.xml
BIOMD0000000220,../../doc/papers/foundation/experimental_data/biomodels_dataset/sbml_files/BIOMD0000000220.xml
BIOMD0000000221,../../doc/papers/foundation/experimental_data/biomodels_dataset/sbml_files/BIOMD0000000221.xml
BIOMD0000000222,../../doc/papers/foundation/experimental_data/biomodels_dataset/sbml_files/BIOMD0000000222.xml
BIOMD0000000223,../../doc/papers/foundation/experimental_data/biomodels_dataset/sbml_files/BIOMD0000000223.xml
BIOMD0000000300,../../doc/papers/foundation/experimental_data/biomodels_dataset/sbml_files/BIOMD0000000300.xml
BIOMD0000000301,../../doc/papers/foundation/experimental_data/biomodels_dataset/sbml_files/BIOMD0000000301.xml
BIOMD0000000302,../../doc/papers/foundation/experimental_data/biomodels_dataset/sbml_files/BIOMD0000000302.xml
BIOMD0000000303,../../doc/papers/foundation/experimental_data/biomodels_dataset/sbml_files/BIOMD0000000303.xml
BIOMD0000000304,../../doc/papers/foundation/experimental_data/biomodels_dataset/sbml_files/BIOMD0000000304.xml
BIOMD0000000305,../../doc/papers/foundation/experimental_data/biomodels_dataset/sbml_files/BIOMD0000000305.xml
BIOMD0000000306,../../doc/papers/foundation/experimental_data/biomodels_dataset/sbml_files/BIOMD0000000306.xml
BIOMD0000000307,../../doc/papers/foundation/experimental_data/biomodels_dataset/sbml_files/BIOMD0000000307.xml
BIOMD0000000308,../../doc/papers/foundation/experimental_data/biomodels_dataset/sbml_files/BIOMD0000000308.xml
BIOMD0000000309,../../doc/papers/foundation/experimental_data/biomodels_dataset/sbml_files/BIOMD0000000309.xml
BIOMD0000000310,../../doc/papers/foundation/experimental_data/biomodels_dataset/sbml_files/BIOMD0000000310.xml
BIOMD0000000311,../../doc/papers/foundation/experimental_data/biomodels_dataset/sbml_files/BIOMD0000000311.xml
BIOMD0000000312,../../doc/papers/foundation/experimental_data/biomodels_dataset/sbml_files/BIOMD0000000312.xml
BIOMD0000000313,../../doc/papers/foundation/experimental_data/biomodels_dataset/sbml_files/BIOMD0000000313.xml
BIOMD0000000314,../../doc/papers/foundation/experimental_data/biomodels_dataset/sbml_files/BIOMD0000000314.xml
BIOMD0000000315,../../doc/papers/foundation/experimental_data/biomodels_dataset/sbml_files/BIOMD0000000315.xml
BIOMD0000000316,../../doc/papers/foundation/experimental_data/biomodels_dataset/sbml_files/BIOMD0000000316.xml
BIOMD0000000317,../../doc/papers/foundation/experimental_data/biomodels_dataset/sbml_files/BIOMD0000000317.xml
BIOMD0000000318,../../doc/papers/foundation/experimental_data/biomodels_dataset/sbml_files/BIOMD0000000318.xml
BIOMD0000000319,../../doc/papers/foundation/experimental_data/biomodels_dataset/sbml_files/BIOMD0000000319.xml
BIOMD0000000320,../../doc/papers/foundation/experimental_data/biomodels_dataset/sbml_files/BIOMD0000000320.xml
BIOMD0000000321,../../doc/papers/foundation/experimental_data/biomodels_dataset/sbml_files/BIOMD0000000321.xml
BIOMD0000000322,../../doc/papers/foundation/experimental_data/biomodels_dataset/sbml_files/BIOMD0000000322.xml
BIOMD0000000323,../../doc/papers/foundation/experimental_data/biomodels_dataset/sbml_files/BIOMD0000000323.xml
BIOMD0000000400,../../doc/papers/foundation/experimental_data/biomodels_dataset/sbml_files/BIOMD0000000400.xml
BIOMD0000000401,../../doc/papers/foundation/experimental_data/biomodels_dataset/sbml_files/BIOMD0000000401.xml
BIOMD0000000402,../../doc/papers/foundation/experimental_data/biomodels_dataset/sbml_files/BIOMD0000000402.xml
BIOMD0000000403,../../doc/papers/foundation/experimental_data/biomodels_dataset/sbml_files/BIOMD0000000403.xml
BIOMD0000000404,../../doc/papers/foundation/experimental_data/biomodels_dataset/sbml_files/BIOMD0000000404.xml
BIOMD0000000405,../../doc/papers/foundation/experimental_data/biomodels_dataset/sbml_files/BIOMD0000000405.xml
BIOMD0000000406,../../doc/papers/foundation/experimental_data/biomodels_dataset/sbml_files/BIOMD0000000406.xml
BIOMD0000000407,../../doc/papers/foundation/experimental_data/biomodels_dataset/sbml_files/BIOMD0000000407.xml
BIOMD0000000408,../../doc/papers/foundation/experimental_data/biomodels_dataset/sbml_files/BIOMD0000000408.xml
BIOMD0000000409,../../doc/papers/foundation/experimental_data/biomodels_dataset/sbml_files/BIOMD0000000409.xml
BIOMD0000000410,../../doc/papers/foundation/experimental_data/biomodels_dataset/sbml_files/BIOMD0000000410.xml
BIOMD0000000411,../../doc/papers/foundation/experimental_data/biomodels_dataset/sbml_files/BIOMD0000000411.xml
BIOMD0000000412,../../doc/papers/foundation/experimental_data/biomodels_dataset/sbml_files/BIOMD0000000412.xml
BIOMD0000000413,../../doc/papers/foundation/experimental_data/biomodels_dataset/sbml_files/BIOMD0000000413.xml
BIOMD0000000414,../../doc/papers/foundation/experimental_data/biomodels_dataset/sbml_files/BIOMD0000000414.xml
BIOMD0000000415,../../doc/papers/foundation/experimental_data/biomodels_dataset/sbml_files/BIOMD0000000415.xml
BIOMD0000000416,../../doc/papers/foundation/experimental_data/biomodels_dataset/sbml_files/BIOMD0000000416.xml
BIOMD0000000417,../../doc/papers/foundation/experimental_data/biomodels_dataset/sbml_files/BIOMD0000000417.xml
BIOMD0000000418,../../doc/papers/foundation/experimental_data/biomodels_dataset/sbml_files/BIOMD0000000418.xml
BIOMD0000000419,../../doc/papers/foundation/experimental_data/biomodels_dataset/sbml_files/BIOMD0000000419.xml
BIOMD0000000420,../../doc/papers/foundation/experimental_data/biomodels_dataset/sbml_files/BIOMD0000000420.xml
BIOMD0000000421,../../doc/papers/foundation/experimental_data/biomodels_dataset/sbml_files/BIOMD0000000421.xml
BIOMD0000000422,../../doc/papers/foundation/experimental_data/biomodels_dataset/sbml_files/BIOMD0000000422.xml
BIOMD0000000423,../../doc/papers/foundation/experimental_data/biomodels_dataset/sbml_files/BIOMD0000000423.xml
